year	leap.year	weeks	pattern
2000	TRUE	52	4-4-5 (13) | 4-4-5 (13) | 4-5-4 (13) | 4-5-4 (13)
2001	FALSE	52	4-4-5 (13) | 4-5-4 (13) | 4-5-4 (13) | 4-5-4 (13)
2002	FALSE	52	5-4-4 (13) | 4-5-4 (13) | 4-5-4 (13) | 5-4-4 (13)
2003	FALSE	52	5-4-4 (13) | 4-5-4 (13) | 5-4-4 (13) | 5-4-4 (13)
2004	TRUE	53	5-4-4 (13) | 5-4-4 (13) | 5-4-5 (14) | 4-4-5 (13)
2005	FALSE	52	4-4-5 (13) | 4-4-5 (13) | 4-4-5 (13) | 4-4-5 (13)
2006	FALSE	52	4-4-5 (13) | 4-4-5 (13) | 4-5-4 (13) | 4-5-4 (13)
2007	FALSE	52	4-4-5 (13) | 4-5-4 (13) | 4-5-4 (13) | 4-5-4 (13)
2008	TRUE	52	5-4-4 (13) | 4-5-4 (13) | 5-4-4 (13) | 5-4-4 (13)
2009	FALSE	53	5-4-4 (13) | 5-4-4 (13) | 5-4-4 (13) | 5-4-5 (14)
2010	FALSE	52	4-4-4 (12) | 5-4-4 (13) | 5-4-5 (14) | 4-4-5 (13)
2011	FALSE	52	4-4-5 (13) | 4-4-5 (13) | 4-4-5 (13) | 4-4-5 (13)
2012	TRUE	52	4-4-5 (13) | 4-5-4 (13) | 4-5-4 (13) | 4-5-4 (13)
2013	FALSE	52	5-4-4 (13) | 4-5-4 (13) | 4-5-4 (13) | 5-4-4 (13)
2014	FALSE	52	5-4-4 (13) | 4-5-4 (13) | 5-4-4 (13) | 5-4-4 (13)
2015	FALSE	53	5-4-4 (13) | 5-4-4 (13) | 5-4-4 (13) | 5-4-5 (14)
2016	TRUE	52	4-4-5 (13) | 4-4-5 (13) | 4-4-5 (13) | 4-4-5 (13)
2017	FALSE	52	4-4-5 (13) | 4-4-5 (13) | 4-5-4 (13) | 4-5-4 (13)
2018	FALSE	52	4-4-5 (13) | 4-5-4 (13) | 4-5-4 (13) | 4-5-4 (13)
2019	FALSE	52	5-4-4 (13) | 4-5-4 (13) | 4-5-4 (13) | 5-4-4 (13)
2020	TRUE	53	5-4-4 (13) | 5-4-4 (13) | 5-4-4 (13) | 5-4-5 (14)
2021	FALSE	52	4-4-4 (12) | 5-4-4 (13) | 5-4-5 (14) | 4-4-5 (13)
2022	FALSE	52	4-4-5 (13) | 4-4-5 (13) | 4-4-5 (13) | 4-4-5 (13)
2023	FALSE	52	4-4-5 (13) | 4-4-5 (13) | 4-5-4 (13) | 4-5-4 (13)
2024	TRUE	52	4-5-4 (13) | 4-5-4 (13) | 4-5-4 (13) | 5-4-4 (13)
2025	FALSE	52	5-4-4 (13) | 4-5-4 (13) | 5-4-4 (13) | 5-4-4 (13)
2026	FALSE	53	5-4-4 (13) | 5-4-4 (13) | 5-4-4 (13) | 5-4-5 (14)
2027	FALSE	52	4-4-4 (12) | 5-4-4 (13) | 5-4-5 (14) | 4-4-5 (13)
2028	TRUE	52	4-4-5 (13) | 4-4-5 (13) | 4-5-4 (13) | 4-5-4 (13)
2029	FALSE	52	4-4-5 (13) | 4-5-4 (13) | 4-5-4 (13) | 4-5-4 (13)
2030	FALSE	52	5-4-4 (13) | 4-5-4 (13) | 4-5-4 (13) | 5-4-4 (13)
2031	FALSE	52	5-4-4 (13) | 4-5-4 (13) | 5-4-4 (13) | 5-4-4 (13)
2032	TRUE	53	5-4-4 (13) | 5-4-4 (13) | 5-4-5 (14) | 4-4-5 (13)
2033	FALSE	52	4-4-5 (13) | 4-4-5 (13) | 4-4-5 (13) | 4-4-5 (13)
2034	FALSE	52	4-4-5 (13) | 4-4-5 (13) | 4-5-4 (13) | 4-5-4 (13)
2035	FALSE	52	4-4-5 (13) | 4-5-4 (13) | 4-5-4 (13) | 4-5-4 (13)
2036	TRUE	52	5-4-4 (13) | 4-5-4 (13) | 5-4-4 (13) | 5-4-4 (13)
2037	FALSE	53	5-4-4 (13) | 5-4-4 (13) | 5-4-4 (13) | 5-4-5 (14)
2038	FALSE	52	4-4-4 (12) | 5-4-4 (13) | 5-4-5 (14) | 4-4-5 (13)
2039	FALSE	52	4-4-5 (13) | 4-4-5 (13) | 4-4-5 (13) | 4-4-5 (13)
2040	TRUE	52	4-4-5 (13) | 4-5-4 (13) | 4-5-4 (13) | 4-5-4 (13)
2041	FALSE	52	5-4-4 (13) | 4-5-4 (13) | 4-5-4 (13) | 5-4-4 (13)
2042	FALSE	52	5-4-4 (13) | 4-5-4 (13) | 5-4-4 (13) | 5-4-4 (13)
2043	FALSE	53	5-4-4 (13) | 5-4-4 (13) | 5-4-4 (13) | 5-4-5 (14)
2044	TRUE	52	4-4-5 (13) | 4-4-5 (13) | 4-4-5 (13) | 4-4-5 (13)
2045	FALSE	52	4-4-5 (13) | 4-4-5 (13) | 4-5-4 (13) | 4-5-4 (13)
2046	FALSE	52	4-4-5 (13) | 4-5-4 (13) | 4-5-4 (13) | 4-5-4 (13)
2047	FALSE	52	5-4-4 (13) | 4-5-4 (13) | 4-5-4 (13) | 5-4-4 (13)
2048	TRUE	53	5-4-4 (13) | 5-4-4 (13) | 5-4-4 (13) | 5-4-5 (14)
2049	FALSE	52	4-4-4 (12) | 5-4-4 (13) | 5-4-5 (14) | 4-4-5 (13)
2050	FALSE	52	4-4-5 (13) | 4-4-5 (13) | 4-4-5 (13) | 4-4-5 (13)
2051	FALSE	52	4-4-5 (13) | 4-4-5 (13) | 4-5-4 (13) | 4-5-4 (13)
2052	TRUE	52	4-5-4 (13) | 4-5-4 (13) | 4-5-4 (13) | 5-4-4 (13)
2053	FALSE	52	5-4-4 (13) | 4-5-4 (13) | 5-4-4 (13) | 5-4-4 (13)
2054	FALSE	53	5-4-4 (13) | 5-4-4 (13) | 5-4-4 (13) | 5-4-5 (14)
2055	FALSE	52	4-4-4 (12) | 5-4-4 (13) | 5-4-5 (14) | 4-4-5 (13)
2056	TRUE	52	4-4-5 (13) | 4-4-5 (13) | 4-5-4 (13) | 4-5-4 (13)
2057	FALSE	52	4-4-5 (13) | 4-5-4 (13) | 4-5-4 (13) | 4-5-4 (13)
2058	FALSE	52	5-4-4 (13) | 4-5-4 (13) | 4-5-4 (13) | 5-4-4 (13)
2059	FALSE	52	5-4-4 (13) | 4-5-4 (13) | 5-4-4 (13) | 5-4-4 (13)
2060	TRUE	53	5-4-4 (13) | 5-4-4 (13) | 5-4-5 (14) | 4-4-5 (13)
2061	FALSE	52	4-4-5 (13) | 4-4-5 (13) | 4-4-5 (13) | 4-4-5 (13)
2062	FALSE	52	4-4-5 (13) | 4-4-5 (13) | 4-5-4 (13) | 4-5-4 (13)
2063	FALSE	52	4-4-5 (13) | 4-5-4 (13) | 4-5-4 (13) | 4-5-4 (13)
2064	TRUE	52	5-4-4 (13) | 4-5-4 (13) | 5-4-4 (13) | 5-4-4 (13)
2065	FALSE	53	5-4-4 (13) | 5-4-4 (13) | 5-4-4 (13) | 5-4-5 (14)
2066	FALSE	52	4-4-4 (12) | 5-4-4 (13) | 5-4-5 (14) | 4-4-5 (13)
2067	FALSE	52	4-4-5 (13) | 4-4-5 (13) | 4-4-5 (13) | 4-4-5 (13)
2068	TRUE	52	4-4-5 (13) | 4-5-4 (13) | 4-5-4 (13) | 4-5-4 (13)
2069	FALSE	52	5-4-4 (13) | 4-5-4 (13) | 4-5-4 (13) | 5-4-4 (13)
2070	FALSE	52	5-4-4 (13) | 4-5-4 (13) | 5-4-4 (13) | 5-4-4 (13)
2071	FALSE	53	5-4-4 (13) | 5-4-4 (13) | 5-4-4 (13) | 5-4-5 (14)
2072	TRUE	52	4-4-5 (13) | 4-4-5 (13) | 4-4-5 (13) | 4-4-5 (13)
2073	FALSE	52	4-4-5 (13) | 4-4-5 (13) | 4-5-4 (13) | 4-5-4 (13)
2074	FALSE	52	4-4-5 (13) | 4-5-4 (13) | 4-5-4 (13) | 4-5-4 (13)
2075	FALSE	52	5-4-4 (13) | 4-5-4 (13) | 4-5-4 (13) | 5-4-4 (13)
2076	TRUE	53	5-4-4 (13) | 5-4-4 (13) | 5-4-4 (13) | 5-4-5 (14)
2077	FALSE	52	4-4-4 (12) | 5-4-4 (13) | 5-4-5 (14) | 4-4-5 (13)
2078	FALSE	52	4-4-5 (13) | 4-4-5 (13) | 4-4-5 (13) | 4-4-5 (13)
2079	FALSE	52	4-4-5 (13) | 4-4-5 (13) | 4-5-4 (13) | 4-5-4 (13)
2080	TRUE	52	4-5-4 (13) | 4-5-4 (13) | 4-5-4 (13) | 5-4-4 (13)
2081	FALSE	52	5-4-4 (13) | 4-5-4 (13) | 5-4-4 (13) | 5-4-4 (13)
2082	FALSE	53	5-4-4 (13) | 5-4-4 (13) | 5-4-4 (13) | 5-4-5 (14)
2083	FALSE	52	4-4-4 (12) | 5-4-4 (13) | 5-4-5 (14) | 4-4-5 (13)
2084	TRUE	52	4-4-5 (13) | 4-4-5 (13) | 4-5-4 (13) | 4-5-4 (13)
2085	FALSE	52	4-4-5 (13) | 4-5-4 (13) | 4-5-4 (13) | 4-5-4 (13)
2086	FALSE	52	5-4-4 (13) | 4-5-4 (13) | 4-5-4 (13) | 5-4-4 (13)
2087	FALSE	52	5-4-4 (13) | 4-5-4 (13) | 5-4-4 (13) | 5-4-4 (13)
2088	TRUE	53	5-4-4 (13) | 5-4-4 (13) | 5-4-5 (14) | 4-4-5 (13)
2089	FALSE	52	4-4-5 (13) | 4-4-5 (13) | 4-4-5 (13) | 4-4-5 (13)
2090	FALSE	52	4-4-5 (13) | 4-4-5 (13) | 4-5-4 (13) | 4-5-4 (13)
2091	FALSE	52	4-4-5 (13) | 4-5-4 (13) | 4-5-4 (13) | 4-5-4 (13)
2092	TRUE	52	5-4-4 (13) | 4-5-4 (13) | 5-4-4 (13) | 5-4-4 (13)
2093	FALSE	53	5-4-4 (13) | 5-4-4 (13) | 5-4-4 (13) | 5-4-5 (14)
2094	FALSE	52	4-4-4 (12) | 5-4-4 (13) | 5-4-5 (14) | 4-4-5 (13)
2095	FALSE	52	4-4-5 (13) | 4-4-5 (13) | 4-4-5 (13) | 4-4-5 (13)
2096	TRUE	52	4-4-5 (13) | 4-5-4 (13) | 4-5-4 (13) | 4-5-4 (13)
2097	FALSE	52	5-4-4 (13) | 4-5-4 (13) | 4-5-4 (13) | 5-4-4 (13)
2098	FALSE	52	5-4-4 (13) | 4-5-4 (13) | 5-4-4 (13) | 5-4-4 (13)
2099	FALSE	53	5-4-4 (13) | 5-4-4 (13) | 5-4-4 (13) | 5-4-5 (14)
2100	FALSE	52	4-4-4 (12) | 5-4-4 (13) | 5-4-5 (14) | 4-4-5 (13)
2101	FALSE	52	4-4-5 (13) | 4-4-5 (13) | 4-4-5 (13) | 4-4-5 (13)
2102	FALSE	52	4-4-5 (13) | 4-4-5 (13) | 4-5-4 (13) | 4-5-4 (13)
2103	FALSE	52	4-4-5 (13) | 4-5-4 (13) | 4-5-4 (13) | 4-5-4 (13)
2104	TRUE	52	5-4-4 (13) | 4-5-4 (13) | 5-4-4 (13) | 5-4-4 (13)
2105	FALSE	53	5-4-4 (13) | 5-4-4 (13) | 5-4-4 (13) | 5-4-5 (14)
2106	FALSE	52	4-4-4 (12) | 5-4-4 (13) | 5-4-5 (14) | 4-4-5 (13)
2107	FALSE	52	4-4-5 (13) | 4-4-5 (13) | 4-4-5 (13) | 4-4-5 (13)
2108	TRUE	52	4-4-5 (13) | 4-5-4 (13) | 4-5-4 (13) | 4-5-4 (13)
2109	FALSE	52	5-4-4 (13) | 4-5-4 (13) | 4-5-4 (13) | 5-4-4 (13)
2110	FALSE	52	5-4-4 (13) | 4-5-4 (13) | 5-4-4 (13) | 5-4-4 (13)
2111	FALSE	53	5-4-4 (13) | 5-4-4 (13) | 5-4-4 (13) | 5-4-5 (14)
2112	TRUE	52	4-4-5 (13) | 4-4-5 (13) | 4-4-5 (13) | 4-4-5 (13)
2113	FALSE	52	4-4-5 (13) | 4-4-5 (13) | 4-5-4 (13) | 4-5-4 (13)
2114	FALSE	52	4-4-5 (13) | 4-5-4 (13) | 4-5-4 (13) | 4-5-4 (13)
2115	FALSE	52	5-4-4 (13) | 4-5-4 (13) | 4-5-4 (13) | 5-4-4 (13)
2116	TRUE	53	5-4-4 (13) | 5-4-4 (13) | 5-4-4 (13) | 5-4-5 (14)
2117	FALSE	52	4-4-4 (12) | 5-4-4 (13) | 5-4-5 (14) | 4-4-5 (13)
2118	FALSE	52	4-4-5 (13) | 4-4-5 (13) | 4-4-5 (13) | 4-4-5 (13)
2119	FALSE	52	4-4-5 (13) | 4-4-5 (13) | 4-5-4 (13) | 4-5-4 (13)
2120	TRUE	52	4-5-4 (13) | 4-5-4 (13) | 4-5-4 (13) | 5-4-4 (13)
2121	FALSE	52	5-4-4 (13) | 4-5-4 (13) | 5-4-4 (13) | 5-4-4 (13)
2122	FALSE	53	5-4-4 (13) | 5-4-4 (13) | 5-4-4 (13) | 5-4-5 (14)
2123	FALSE	52	4-4-4 (12) | 5-4-4 (13) | 5-4-5 (14) | 4-4-5 (13)
2124	TRUE	52	4-4-5 (13) | 4-4-5 (13) | 4-5-4 (13) | 4-5-4 (13)
2125	FALSE	52	4-4-5 (13) | 4-5-4 (13) | 4-5-4 (13) | 4-5-4 (13)
2126	FALSE	52	5-4-4 (13) | 4-5-4 (13) | 4-5-4 (13) | 5-4-4 (13)
2127	FALSE	52	5-4-4 (13) | 4-5-4 (13) | 5-4-4 (13) | 5-4-4 (13)
2128	TRUE	53	5-4-4 (13) | 5-4-4 (13) | 5-4-5 (14) | 4-4-5 (13)
2129	FALSE	52	4-4-5 (13) | 4-4-5 (13) | 4-4-5 (13) | 4-4-5 (13)
2130	FALSE	52	4-4-5 (13) | 4-4-5 (13) | 4-5-4 (13) | 4-5-4 (13)
2131	FALSE	52	4-4-5 (13) | 4-5-4 (13) | 4-5-4 (13) | 4-5-4 (13)
2132	TRUE	52	5-4-4 (13) | 4-5-4 (13) | 5-4-4 (13) | 5-4-4 (13)
2133	FALSE	53	5-4-4 (13) | 5-4-4 (13) | 5-4-4 (13) | 5-4-5 (14)
2134	FALSE	52	4-4-4 (12) | 5-4-4 (13) | 5-4-5 (14) | 4-4-5 (13)
2135	FALSE	52	4-4-5 (13) | 4-4-5 (13) | 4-4-5 (13) | 4-4-5 (13)
2136	TRUE	52	4-4-5 (13) | 4-5-4 (13) | 4-5-4 (13) | 4-5-4 (13)
2137	FALSE	52	5-4-4 (13) | 4-5-4 (13) | 4-5-4 (13) | 5-4-4 (13)
2138	FALSE	52	5-4-4 (13) | 4-5-4 (13) | 5-4-4 (13) | 5-4-4 (13)
2139	FALSE	53	5-4-4 (13) | 5-4-4 (13) | 5-4-4 (13) | 5-4-5 (14)
2140	TRUE	52	4-4-5 (13) | 4-4-5 (13) | 4-4-5 (13) | 4-4-5 (13)
2141	FALSE	52	4-4-5 (13) | 4-4-5 (13) | 4-5-4 (13) | 4-5-4 (13)
2142	FALSE	52	4-4-5 (13) | 4-5-4 (13) | 4-5-4 (13) | 4-5-4 (13)
2143	FALSE	52	5-4-4 (13) | 4-5-4 (13) | 4-5-4 (13) | 5-4-4 (13)
2144	TRUE	53	5-4-4 (13) | 5-4-4 (13) | 5-4-4 (13) | 5-4-5 (14)
2145	FALSE	52	4-4-4 (12) | 5-4-4 (13) | 5-4-5 (14) | 4-4-5 (13)
2146	FALSE	52	4-4-5 (13) | 4-4-5 (13) | 4-4-5 (13) | 4-4-5 (13)
2147	FALSE	52	4-4-5 (13) | 4-4-5 (13) | 4-5-4 (13) | 4-5-4 (13)
2148	TRUE	52	4-5-4 (13) | 4-5-4 (13) | 4-5-4 (13) | 5-4-4 (13)
2149	FALSE	52	5-4-4 (13) | 4-5-4 (13) | 5-4-4 (13) | 5-4-4 (13)
2150	FALSE	53	5-4-4 (13) | 5-4-4 (13) | 5-4-4 (13) | 5-4-5 (14)
2151	FALSE	52	4-4-4 (12) | 5-4-4 (13) | 5-4-5 (14) | 4-4-5 (13)
2152	TRUE	52	4-4-5 (13) | 4-4-5 (13) | 4-5-4 (13) | 4-5-4 (13)
2153	FALSE	52	4-4-5 (13) | 4-5-4 (13) | 4-5-4 (13) | 4-5-4 (13)
2154	FALSE	52	5-4-4 (13) | 4-5-4 (13) | 4-5-4 (13) | 5-4-4 (13)
2155	FALSE	52	5-4-4 (13) | 4-5-4 (13) | 5-4-4 (13) | 5-4-4 (13)
2156	TRUE	53	5-4-4 (13) | 5-4-4 (13) | 5-4-5 (14) | 4-4-5 (13)
2157	FALSE	52	4-4-5 (13) | 4-4-5 (13) | 4-4-5 (13) | 4-4-5 (13)
2158	FALSE	52	4-4-5 (13) | 4-4-5 (13) | 4-5-4 (13) | 4-5-4 (13)
2159	FALSE	52	4-4-5 (13) | 4-5-4 (13) | 4-5-4 (13) | 4-5-4 (13)
2160	TRUE	52	5-4-4 (13) | 4-5-4 (13) | 5-4-4 (13) | 5-4-4 (13)
2161	FALSE	53	5-4-4 (13) | 5-4-4 (13) | 5-4-4 (13) | 5-4-5 (14)
2162	FALSE	52	4-4-4 (12) | 5-4-4 (13) | 5-4-5 (14) | 4-4-5 (13)
2163	FALSE	52	4-4-5 (13) | 4-4-5 (13) | 4-4-5 (13) | 4-4-5 (13)
2164	TRUE	52	4-4-5 (13) | 4-5-4 (13) | 4-5-4 (13) | 4-5-4 (13)
2165	FALSE	52	5-4-4 (13) | 4-5-4 (13) | 4-5-4 (13) | 5-4-4 (13)
2166	FALSE	52	5-4-4 (13) | 4-5-4 (13) | 5-4-4 (13) | 5-4-4 (13)
2167	FALSE	53	5-4-4 (13) | 5-4-4 (13) | 5-4-4 (13) | 5-4-5 (14)
2168	TRUE	52	4-4-5 (13) | 4-4-5 (13) | 4-4-5 (13) | 4-4-5 (13)
2169	FALSE	52	4-4-5 (13) | 4-4-5 (13) | 4-5-4 (13) | 4-5-4 (13)
2170	FALSE	52	4-4-5 (13) | 4-5-4 (13) | 4-5-4 (13) | 4-5-4 (13)
2171	FALSE	52	5-4-4 (13) | 4-5-4 (13) | 4-5-4 (13) | 5-4-4 (13)
2172	TRUE	53	5-4-4 (13) | 5-4-4 (13) | 5-4-4 (13) | 5-4-5 (14)
2173	FALSE	52	4-4-4 (12) | 5-4-4 (13) | 5-4-5 (14) | 4-4-5 (13)
2174	FALSE	52	4-4-5 (13) | 4-4-5 (13) | 4-4-5 (13) | 4-4-5 (13)
2175	FALSE	52	4-4-5 (13) | 4-4-5 (13) | 4-5-4 (13) | 4-5-4 (13)
2176	TRUE	52	4-5-4 (13) | 4-5-4 (13) | 4-5-4 (13) | 5-4-4 (13)
2177	FALSE	52	5-4-4 (13) | 4-5-4 (13) | 5-4-4 (13) | 5-4-4 (13)
2178	FALSE	53	5-4-4 (13) | 5-4-4 (13) | 5-4-4 (13) | 5-4-5 (14)
2179	FALSE	52	4-4-4 (12) | 5-4-4 (13) | 5-4-5 (14) | 4-4-5 (13)
2180	TRUE	52	4-4-5 (13) | 4-4-5 (13) | 4-5-4 (13) | 4-5-4 (13)
2181	FALSE	52	4-4-5 (13) | 4-5-4 (13) | 4-5-4 (13) | 4-5-4 (13)
2182	FALSE	52	5-4-4 (13) | 4-5-4 (13) | 4-5-4 (13) | 5-4-4 (13)
2183	FALSE	52	5-4-4 (13) | 4-5-4 (13) | 5-4-4 (13) | 5-4-4 (13)
2184	TRUE	53	5-4-4 (13) | 5-4-4 (13) | 5-4-5 (14) | 4-4-5 (13)
2185	FALSE	52	4-4-5 (13) | 4-4-5 (13) | 4-4-5 (13) | 4-4-5 (13)
2186	FALSE	52	4-4-5 (13) | 4-4-5 (13) | 4-5-4 (13) | 4-5-4 (13)
2187	FALSE	52	4-4-5 (13) | 4-5-4 (13) | 4-5-4 (13) | 4-5-4 (13)
2188	TRUE	52	5-4-4 (13) | 4-5-4 (13) | 5-4-4 (13) | 5-4-4 (13)
2189	FALSE	53	5-4-4 (13) | 5-4-4 (13) | 5-4-4 (13) | 5-4-5 (14)
2190	FALSE	52	4-4-4 (12) | 5-4-4 (13) | 5-4-5 (14) | 4-4-5 (13)
2191	FALSE	52	4-4-5 (13) | 4-4-5 (13) | 4-4-5 (13) | 4-4-5 (13)
2192	TRUE	52	4-4-5 (13) | 4-5-4 (13) | 4-5-4 (13) | 4-5-4 (13)
2193	FALSE	52	5-4-4 (13) | 4-5-4 (13) | 4-5-4 (13) | 5-4-4 (13)
2194	FALSE	52	5-4-4 (13) | 4-5-4 (13) | 5-4-4 (13) | 5-4-4 (13)
2195	FALSE	53	5-4-4 (13) | 5-4-4 (13) | 5-4-4 (13) | 5-4-5 (14)
2196	TRUE	52	4-4-5 (13) | 4-4-5 (13) | 4-4-5 (13) | 4-4-5 (13)
2197	FALSE	52	4-4-5 (13) | 4-4-5 (13) | 4-5-4 (13) | 4-5-4 (13)
2198	FALSE	52	4-4-5 (13) | 4-5-4 (13) | 4-5-4 (13) | 4-5-4 (13)
2199	FALSE	52	5-4-4 (13) | 4-5-4 (13) | 4-5-4 (13) | 5-4-4 (13)
2200	FALSE	52	5-4-4 (13) | 4-5-4 (13) | 5-4-4 (13) | 5-4-4 (13)
2201	FALSE	53	5-4-4 (13) | 5-4-4 (13) | 5-4-4 (13) | 5-4-5 (14)
2202	FALSE	52	4-4-4 (12) | 5-4-4 (13) | 5-4-5 (14) | 4-4-5 (13)
2203	FALSE	52	4-4-5 (13) | 4-4-5 (13) | 4-4-5 (13) | 4-4-5 (13)
2204	TRUE	52	4-4-5 (13) | 4-5-4 (13) | 4-5-4 (13) | 4-5-4 (13)
2205	FALSE	52	5-4-4 (13) | 4-5-4 (13) | 4-5-4 (13) | 5-4-4 (13)
2206	FALSE	52	5-4-4 (13) | 4-5-4 (13) | 5-4-4 (13) | 5-4-4 (13)
2207	FALSE	53	5-4-4 (13) | 5-4-4 (13) | 5-4-4 (13) | 5-4-5 (14)
2208	TRUE	52	4-4-5 (13) | 4-4-5 (13) | 4-4-5 (13) | 4-4-5 (13)
2209	FALSE	52	4-4-5 (13) | 4-4-5 (13) | 4-5-4 (13) | 4-5-4 (13)
2210	FALSE	52	4-4-5 (13) | 4-5-4 (13) | 4-5-4 (13) | 4-5-4 (13)
2211	FALSE	52	5-4-4 (13) | 4-5-4 (13) | 4-5-4 (13) | 5-4-4 (13)
2212	TRUE	53	5-4-4 (13) | 5-4-4 (13) | 5-4-4 (13) | 5-4-5 (14)
2213	FALSE	52	4-4-4 (12) | 5-4-4 (13) | 5-4-5 (14) | 4-4-5 (13)
2214	FALSE	52	4-4-5 (13) | 4-4-5 (13) | 4-4-5 (13) | 4-4-5 (13)
2215	FALSE	52	4-4-5 (13) | 4-4-5 (13) | 4-5-4 (13) | 4-5-4 (13)
2216	TRUE	52	4-5-4 (13) | 4-5-4 (13) | 4-5-4 (13) | 5-4-4 (13)
2217	FALSE	52	5-4-4 (13) | 4-5-4 (13) | 5-4-4 (13) | 5-4-4 (13)
2218	FALSE	53	5-4-4 (13) | 5-4-4 (13) | 5-4-4 (13) | 5-4-5 (14)
2219	FALSE	52	4-4-4 (12) | 5-4-4 (13) | 5-4-5 (14) | 4-4-5 (13)
2220	TRUE	52	4-4-5 (13) | 4-4-5 (13) | 4-5-4 (13) | 4-5-4 (13)
2221	FALSE	52	4-4-5 (13) | 4-5-4 (13) | 4-5-4 (13) | 4-5-4 (13)
2222	FALSE	52	5-4-4 (13) | 4-5-4 (13) | 4-5-4 (13) | 5-4-4 (13)
2223	FALSE	52	5-4-4 (13) | 4-5-4 (13) | 5-4-4 (13) | 5-4-4 (13)
2224	TRUE	53	5-4-4 (13) | 5-4-4 (13) | 5-4-5 (14) | 4-4-5 (13)
2225	FALSE	52	4-4-5 (13) | 4-4-5 (13) | 4-4-5 (13) | 4-4-5 (13)
2226	FALSE	52	4-4-5 (13) | 4-4-5 (13) | 4-5-4 (13) | 4-5-4 (13)
2227	FALSE	52	4-4-5 (13) | 4-5-4 (13) | 4-5-4 (13) | 4-5-4 (13)
2228	TRUE	52	5-4-4 (13) | 4-5-4 (13) | 5-4-4 (13) | 5-4-4 (13)
2229	FALSE	53	5-4-4 (13) | 5-4-4 (13) | 5-4-4 (13) | 5-4-5 (14)
2230	FALSE	52	4-4-4 (12) | 5-4-4 (13) | 5-4-5 (14) | 4-4-5 (13)
2231	FALSE	52	4-4-5 (13) | 4-4-5 (13) | 4-4-5 (13) | 4-4-5 (13)
2232	TRUE	52	4-4-5 (13) | 4-5-4 (13) | 4-5-4 (13) | 4-5-4 (13)
2233	FALSE	52	5-4-4 (13) | 4-5-4 (13) | 4-5-4 (13) | 5-4-4 (13)
2234	FALSE	52	5-4-4 (13) | 4-5-4 (13) | 5-4-4 (13) | 5-4-4 (13)
2235	FALSE	53	5-4-4 (13) | 5-4-4 (13) | 5-4-4 (13) | 5-4-5 (14)
2236	TRUE	52	4-4-5 (13) | 4-4-5 (13) | 4-4-5 (13) | 4-4-5 (13)
2237	FALSE	52	4-4-5 (13) | 4-4-5 (13) | 4-5-4 (13) | 4-5-4 (13)
2238	FALSE	52	4-4-5 (13) | 4-5-4 (13) | 4-5-4 (13) | 4-5-4 (13)
2239	FALSE	52	5-4-4 (13) | 4-5-4 (13) | 4-5-4 (13) | 5-4-4 (13)
2240	TRUE	53	5-4-4 (13) | 5-4-4 (13) | 5-4-4 (13) | 5-4-5 (14)
2241	FALSE	52	4-4-4 (12) | 5-4-4 (13) | 5-4-5 (14) | 4-4-5 (13)
2242	FALSE	52	4-4-5 (13) | 4-4-5 (13) | 4-4-5 (13) | 4-4-5 (13)
2243	FALSE	52	4-4-5 (13) | 4-4-5 (13) | 4-5-4 (13) | 4-5-4 (13)
2244	TRUE	52	4-5-4 (13) | 4-5-4 (13) | 4-5-4 (13) | 5-4-4 (13)
2245	FALSE	52	5-4-4 (13) | 4-5-4 (13) | 5-4-4 (13) | 5-4-4 (13)
2246	FALSE	53	5-4-4 (13) | 5-4-4 (13) | 5-4-4 (13) | 5-4-5 (14)
2247	FALSE	52	4-4-4 (12) | 5-4-4 (13) | 5-4-5 (14) | 4-4-5 (13)
2248	TRUE	52	4-4-5 (13) | 4-4-5 (13) | 4-5-4 (13) | 4-5-4 (13)
2249	FALSE	52	4-4-5 (13) | 4-5-4 (13) | 4-5-4 (13) | 4-5-4 (13)
2250	FALSE	52	5-4-4 (13) | 4-5-4 (13) | 4-5-4 (13) | 5-4-4 (13)
2251	FALSE	52	5-4-4 (13) | 4-5-4 (13) | 5-4-4 (13) | 5-4-4 (13)
2252	TRUE	53	5-4-4 (13) | 5-4-4 (13) | 5-4-5 (14) | 4-4-5 (13)
2253	FALSE	52	4-4-5 (13) | 4-4-5 (13) | 4-4-5 (13) | 4-4-5 (13)
2254	FALSE	52	4-4-5 (13) | 4-4-5 (13) | 4-5-4 (13) | 4-5-4 (13)
2255	FALSE	52	4-4-5 (13) | 4-5-4 (13) | 4-5-4 (13) | 4-5-4 (13)
2256	TRUE	52	5-4-4 (13) | 4-5-4 (13) | 5-4-4 (13) | 5-4-4 (13)
2257	FALSE	53	5-4-4 (13) | 5-4-4 (13) | 5-4-4 (13) | 5-4-5 (14)
2258	FALSE	52	4-4-4 (12) | 5-4-4 (13) | 5-4-5 (14) | 4-4-5 (13)
2259	FALSE	52	4-4-5 (13) | 4-4-5 (13) | 4-4-5 (13) | 4-4-5 (13)
2260	TRUE	52	4-4-5 (13) | 4-5-4 (13) | 4-5-4 (13) | 4-5-4 (13)
2261	FALSE	52	5-4-4 (13) | 4-5-4 (13) | 4-5-4 (13) | 5-4-4 (13)
2262	FALSE	52	5-4-4 (13) | 4-5-4 (13) | 5-4-4 (13) | 5-4-4 (13)
2263	FALSE	53	5-4-4 (13) | 5-4-4 (13) | 5-4-4 (13) | 5-4-5 (14)
2264	TRUE	52	4-4-5 (13) | 4-4-5 (13) | 4-4-5 (13) | 4-4-5 (13)
2265	FALSE	52	4-4-5 (13) | 4-4-5 (13) | 4-5-4 (13) | 4-5-4 (13)
2266	FALSE	52	4-4-5 (13) | 4-5-4 (13) | 4-5-4 (13) | 4-5-4 (13)
2267	FALSE	52	5-4-4 (13) | 4-5-4 (13) | 4-5-4 (13) | 5-4-4 (13)
2268	TRUE	53	5-4-4 (13) | 5-4-4 (13) | 5-4-4 (13) | 5-4-5 (14)
2269	FALSE	52	4-4-4 (12) | 5-4-4 (13) | 5-4-5 (14) | 4-4-5 (13)
2270	FALSE	52	4-4-5 (13) | 4-4-5 (13) | 4-4-5 (13) | 4-4-5 (13)
2271	FALSE	52	4-4-5 (13) | 4-4-5 (13) | 4-5-4 (13) | 4-5-4 (13)
2272	TRUE	52	4-5-4 (13) | 4-5-4 (13) | 4-5-4 (13) | 5-4-4 (13)
2273	FALSE	52	5-4-4 (13) | 4-5-4 (13) | 5-4-4 (13) | 5-4-4 (13)
2274	FALSE	53	5-4-4 (13) | 5-4-4 (13) | 5-4-4 (13) | 5-4-5 (14)
2275	FALSE	52	4-4-4 (12) | 5-4-4 (13) | 5-4-5 (14) | 4-4-5 (13)
2276	TRUE	52	4-4-5 (13) | 4-4-5 (13) | 4-5-4 (13) | 4-5-4 (13)
2277	FALSE	52	4-4-5 (13) | 4-5-4 (13) | 4-5-4 (13) | 4-5-4 (13)
2278	FALSE	52	5-4-4 (13) | 4-5-4 (13) | 4-5-4 (13) | 5-4-4 (13)
2279	FALSE	52	5-4-4 (13) | 4-5-4 (13) | 5-4-4 (13) | 5-4-4 (13)
2280	TRUE	53	5-4-4 (13) | 5-4-4 (13) | 5-4-5 (14) | 4-4-5 (13)
2281	FALSE	52	4-4-5 (13) | 4-4-5 (13) | 4-4-5 (13) | 4-4-5 (13)
2282	FALSE	52	4-4-5 (13) | 4-4-5 (13) | 4-5-4 (13) | 4-5-4 (13)
2283	FALSE	52	4-4-5 (13) | 4-5-4 (13) | 4-5-4 (13) | 4-5-4 (13)
2284	TRUE	52	5-4-4 (13) | 4-5-4 (13) | 5-4-4 (13) | 5-4-4 (13)
2285	FALSE	53	5-4-4 (13) | 5-4-4 (13) | 5-4-4 (13) | 5-4-5 (14)
2286	FALSE	52	4-4-4 (12) | 5-4-4 (13) | 5-4-5 (14) | 4-4-5 (13)
2287	FALSE	52	4-4-5 (13) | 4-4-5 (13) | 4-4-5 (13) | 4-4-5 (13)
2288	TRUE	52	4-4-5 (13) | 4-5-4 (13) | 4-5-4 (13) | 4-5-4 (13)
2289	FALSE	52	5-4-4 (13) | 4-5-4 (13) | 4-5-4 (13) | 5-4-4 (13)
2290	FALSE	52	5-4-4 (13) | 4-5-4 (13) | 5-4-4 (13) | 5-4-4 (13)
2291	FALSE	53	5-4-4 (13) | 5-4-4 (13) | 5-4-4 (13) | 5-4-5 (14)
2292	TRUE	52	4-4-5 (13) | 4-4-5 (13) | 4-4-5 (13) | 4-4-5 (13)
2293	FALSE	52	4-4-5 (13) | 4-4-5 (13) | 4-5-4 (13) | 4-5-4 (13)
2294	FALSE	52	4-4-5 (13) | 4-5-4 (13) | 4-5-4 (13) | 4-5-4 (13)
2295	FALSE	52	5-4-4 (13) | 4-5-4 (13) | 4-5-4 (13) | 5-4-4 (13)
2296	TRUE	53	5-4-4 (13) | 5-4-4 (13) | 5-4-4 (13) | 5-4-5 (14)
2297	FALSE	52	4-4-4 (12) | 5-4-4 (13) | 5-4-5 (14) | 4-4-5 (13)
2298	FALSE	52	4-4-5 (13) | 4-4-5 (13) | 4-4-5 (13) | 4-4-5 (13)
2299	FALSE	52	4-4-5 (13) | 4-4-5 (13) | 4-5-4 (13) | 4-5-4 (13)
2300	FALSE	52	4-4-5 (13) | 4-5-4 (13) | 4-5-4 (13) | 4-5-4 (13)
2301	FALSE	52	5-4-4 (13) | 4-5-4 (13) | 4-5-4 (13) | 5-4-4 (13)
2302	FALSE	52	5-4-4 (13) | 4-5-4 (13) | 5-4-4 (13) | 5-4-4 (13)
2303	FALSE	53	5-4-4 (13) | 5-4-4 (13) | 5-4-4 (13) | 5-4-5 (14)
2304	TRUE	52	4-4-5 (13) | 4-4-5 (13) | 4-4-5 (13) | 4-4-5 (13)
2305	FALSE	52	4-4-5 (13) | 4-4-5 (13) | 4-5-4 (13) | 4-5-4 (13)
2306	FALSE	52	4-4-5 (13) | 4-5-4 (13) | 4-5-4 (13) | 4-5-4 (13)
2307	FALSE	52	5-4-4 (13) | 4-5-4 (13) | 4-5-4 (13) | 5-4-4 (13)
2308	TRUE	53	5-4-4 (13) | 5-4-4 (13) | 5-4-4 (13) | 5-4-5 (14)
2309	FALSE	52	4-4-4 (12) | 5-4-4 (13) | 5-4-5 (14) | 4-4-5 (13)
2310	FALSE	52	4-4-5 (13) | 4-4-5 (13) | 4-4-5 (13) | 4-4-5 (13)
2311	FALSE	52	4-4-5 (13) | 4-4-5 (13) | 4-5-4 (13) | 4-5-4 (13)
2312	TRUE	52	4-5-4 (13) | 4-5-4 (13) | 4-5-4 (13) | 5-4-4 (13)
2313	FALSE	52	5-4-4 (13) | 4-5-4 (13) | 5-4-4 (13) | 5-4-4 (13)
2314	FALSE	53	5-4-4 (13) | 5-4-4 (13) | 5-4-4 (13) | 5-4-5 (14)
2315	FALSE	52	4-4-4 (12) | 5-4-4 (13) | 5-4-5 (14) | 4-4-5 (13)
2316	TRUE	52	4-4-5 (13) | 4-4-5 (13) | 4-5-4 (13) | 4-5-4 (13)
2317	FALSE	52	4-4-5 (13) | 4-5-4 (13) | 4-5-4 (13) | 4-5-4 (13)
2318	FALSE	52	5-4-4 (13) | 4-5-4 (13) | 4-5-4 (13) | 5-4-4 (13)
2319	FALSE	52	5-4-4 (13) | 4-5-4 (13) | 5-4-4 (13) | 5-4-4 (13)
2320	TRUE	53	5-4-4 (13) | 5-4-4 (13) | 5-4-5 (14) | 4-4-5 (13)
2321	FALSE	52	4-4-5 (13) | 4-4-5 (13) | 4-4-5 (13) | 4-4-5 (13)
2322	FALSE	52	4-4-5 (13) | 4-4-5 (13) | 4-5-4 (13) | 4-5-4 (13)
2323	FALSE	52	4-4-5 (13) | 4-5-4 (13) | 4-5-4 (13) | 4-5-4 (13)
2324	TRUE	52	5-4-4 (13) | 4-5-4 (13) | 5-4-4 (13) | 5-4-4 (13)
2325	FALSE	53	5-4-4 (13) | 5-4-4 (13) | 5-4-4 (13) | 5-4-5 (14)
2326	FALSE	52	4-4-4 (12) | 5-4-4 (13) | 5-4-5 (14) | 4-4-5 (13)
2327	FALSE	52	4-4-5 (13) | 4-4-5 (13) | 4-4-5 (13) | 4-4-5 (13)
2328	TRUE	52	4-4-5 (13) | 4-5-4 (13) | 4-5-4 (13) | 4-5-4 (13)
2329	FALSE	52	5-4-4 (13) | 4-5-4 (13) | 4-5-4 (13) | 5-4-4 (13)
2330	FALSE	52	5-4-4 (13) | 4-5-4 (13) | 5-4-4 (13) | 5-4-4 (13)
2331	FALSE	53	5-4-4 (13) | 5-4-4 (13) | 5-4-4 (13) | 5-4-5 (14)
2332	TRUE	52	4-4-5 (13) | 4-4-5 (13) | 4-4-5 (13) | 4-4-5 (13)
2333	FALSE	52	4-4-5 (13) | 4-4-5 (13) | 4-5-4 (13) | 4-5-4 (13)
2334	FALSE	52	4-4-5 (13) | 4-5-4 (13) | 4-5-4 (13) | 4-5-4 (13)
2335	FALSE	52	5-4-4 (13) | 4-5-4 (13) | 4-5-4 (13) | 5-4-4 (13)
2336	TRUE	53	5-4-4 (13) | 5-4-4 (13) | 5-4-4 (13) | 5-4-5 (14)
2337	FALSE	52	4-4-4 (12) | 5-4-4 (13) | 5-4-5 (14) | 4-4-5 (13)
2338	FALSE	52	4-4-5 (13) | 4-4-5 (13) | 4-4-5 (13) | 4-4-5 (13)
2339	FALSE	52	4-4-5 (13) | 4-4-5 (13) | 4-5-4 (13) | 4-5-4 (13)
2340	TRUE	52	4-5-4 (13) | 4-5-4 (13) | 4-5-4 (13) | 5-4-4 (13)
2341	FALSE	52	5-4-4 (13) | 4-5-4 (13) | 5-4-4 (13) | 5-4-4 (13)
2342	FALSE	53	5-4-4 (13) | 5-4-4 (13) | 5-4-4 (13) | 5-4-5 (14)
2343	FALSE	52	4-4-4 (12) | 5-4-4 (13) | 5-4-5 (14) | 4-4-5 (13)
2344	TRUE	52	4-4-5 (13) | 4-4-5 (13) | 4-5-4 (13) | 4-5-4 (13)
2345	FALSE	52	4-4-5 (13) | 4-5-4 (13) | 4-5-4 (13) | 4-5-4 (13)
2346	FALSE	52	5-4-4 (13) | 4-5-4 (13) | 4-5-4 (13) | 5-4-4 (13)
2347	FALSE	52	5-4-4 (13) | 4-5-4 (13) | 5-4-4 (13) | 5-4-4 (13)
2348	TRUE	53	5-4-4 (13) | 5-4-4 (13) | 5-4-5 (14) | 4-4-5 (13)
2349	FALSE	52	4-4-5 (13) | 4-4-5 (13) | 4-4-5 (13) | 4-4-5 (13)
2350	FALSE	52	4-4-5 (13) | 4-4-5 (13) | 4-5-4 (13) | 4-5-4 (13)
2351	FALSE	52	4-4-5 (13) | 4-5-4 (13) | 4-5-4 (13) | 4-5-4 (13)
2352	TRUE	52	5-4-4 (13) | 4-5-4 (13) | 5-4-4 (13) | 5-4-4 (13)
2353	FALSE	53	5-4-4 (13) | 5-4-4 (13) | 5-4-4 (13) | 5-4-5 (14)
2354	FALSE	52	4-4-4 (12) | 5-4-4 (13) | 5-4-5 (14) | 4-4-5 (13)
2355	FALSE	52	4-4-5 (13) | 4-4-5 (13) | 4-4-5 (13) | 4-4-5 (13)
2356	TRUE	52	4-4-5 (13) | 4-5-4 (13) | 4-5-4 (13) | 4-5-4 (13)
2357	FALSE	52	5-4-4 (13) | 4-5-4 (13) | 4-5-4 (13) | 5-4-4 (13)
2358	FALSE	52	5-4-4 (13) | 4-5-4 (13) | 5-4-4 (13) | 5-4-4 (13)
2359	FALSE	53	5-4-4 (13) | 5-4-4 (13) | 5-4-4 (13) | 5-4-5 (14)
2360	TRUE	52	4-4-5 (13) | 4-4-5 (13) | 4-4-5 (13) | 4-4-5 (13)
2361	FALSE	52	4-4-5 (13) | 4-4-5 (13) | 4-5-4 (13) | 4-5-4 (13)
2362	FALSE	52	4-4-5 (13) | 4-5-4 (13) | 4-5-4 (13) | 4-5-4 (13)
2363	FALSE	52	5-4-4 (13) | 4-5-4 (13) | 4-5-4 (13) | 5-4-4 (13)
2364	TRUE	53	5-4-4 (13) | 5-4-4 (13) | 5-4-4 (13) | 5-4-5 (14)
2365	FALSE	52	4-4-4 (12) | 5-4-4 (13) | 5-4-5 (14) | 4-4-5 (13)
2366	FALSE	52	4-4-5 (13) | 4-4-5 (13) | 4-4-5 (13) | 4-4-5 (13)
2367	FALSE	52	4-4-5 (13) | 4-4-5 (13) | 4-5-4 (13) | 4-5-4 (13)
2368	TRUE	52	4-5-4 (13) | 4-5-4 (13) | 4-5-4 (13) | 5-4-4 (13)
2369	FALSE	52	5-4-4 (13) | 4-5-4 (13) | 5-4-4 (13) | 5-4-4 (13)
2370	FALSE	53	5-4-4 (13) | 5-4-4 (13) | 5-4-4 (13) | 5-4-5 (14)
2371	FALSE	52	4-4-4 (12) | 5-4-4 (13) | 5-4-5 (14) | 4-4-5 (13)
2372	TRUE	52	4-4-5 (13) | 4-4-5 (13) | 4-5-4 (13) | 4-5-4 (13)
2373	FALSE	52	4-4-5 (13) | 4-5-4 (13) | 4-5-4 (13) | 4-5-4 (13)
2374	FALSE	52	5-4-4 (13) | 4-5-4 (13) | 4-5-4 (13) | 5-4-4 (13)
2375	FALSE	52	5-4-4 (13) | 4-5-4 (13) | 5-4-4 (13) | 5-4-4 (13)
2376	TRUE	53	5-4-4 (13) | 5-4-4 (13) | 5-4-5 (14) | 4-4-5 (13)
2377	FALSE	52	4-4-5 (13) | 4-4-5 (13) | 4-4-5 (13) | 4-4-5 (13)
2378	FALSE	52	4-4-5 (13) | 4-4-5 (13) | 4-5-4 (13) | 4-5-4 (13)
2379	FALSE	52	4-4-5 (13) | 4-5-4 (13) | 4-5-4 (13) | 4-5-4 (13)
2380	TRUE	52	5-4-4 (13) | 4-5-4 (13) | 5-4-4 (13) | 5-4-4 (13)
2381	FALSE	53	5-4-4 (13) | 5-4-4 (13) | 5-4-4 (13) | 5-4-5 (14)
2382	FALSE	52	4-4-4 (12) | 5-4-4 (13) | 5-4-5 (14) | 4-4-5 (13)
2383	FALSE	52	4-4-5 (13) | 4-4-5 (13) | 4-4-5 (13) | 4-4-5 (13)
2384	TRUE	52	4-4-5 (13) | 4-5-4 (13) | 4-5-4 (13) | 4-5-4 (13)
2385	FALSE	52	5-4-4 (13) | 4-5-4 (13) | 4-5-4 (13) | 5-4-4 (13)
2386	FALSE	52	5-4-4 (13) | 4-5-4 (13) | 5-4-4 (13) | 5-4-4 (13)
2387	FALSE	53	5-4-4 (13) | 5-4-4 (13) | 5-4-4 (13) | 5-4-5 (14)
2388	TRUE	52	4-4-5 (13) | 4-4-5 (13) | 4-4-5 (13) | 4-4-5 (13)
2389	FALSE	52	4-4-5 (13) | 4-4-5 (13) | 4-5-4 (13) | 4-5-4 (13)
2390	FALSE	52	4-4-5 (13) | 4-5-4 (13) | 4-5-4 (13) | 4-5-4 (13)
2391	FALSE	52	5-4-4 (13) | 4-5-4 (13) | 4-5-4 (13) | 5-4-4 (13)
2392	TRUE	53	5-4-4 (13) | 5-4-4 (13) | 5-4-4 (13) | 5-4-5 (14)
2393	FALSE	52	4-4-4 (12) | 5-4-4 (13) | 5-4-5 (14) | 4-4-5 (13)
2394	FALSE	52	4-4-5 (13) | 4-4-5 (13) | 4-4-5 (13) | 4-4-5 (13)
2395	FALSE	52	4-4-5 (13) | 4-4-5 (13) | 4-5-4 (13) | 4-5-4 (13)
2396	TRUE	52	4-5-4 (13) | 4-5-4 (13) | 4-5-4 (13) | 5-4-4 (13)
2397	FALSE	52	5-4-4 (13) | 4-5-4 (13) | 5-4-4 (13) | 5-4-4 (13)
2398	FALSE	53	5-4-4 (13) | 5-4-4 (13) | 5-4-4 (13) | 5-4-5 (14)
2399	FALSE	52	4-4-4 (12) | 5-4-4 (13) | 5-4-5 (14) | 4-4-5 (13)
